"Sex","First Name","Last Name","Type","Email","Mobile Phone","Organisation","Acronym","Office Phone","Skype","Office","Job Title","Home Address","Emergency Contact Name","Emergency Contact Relationship","Emergency Contact Phone","Skills"
"Ms.","Aaron","Klein","Volunteer","est@arcuVestibulumante.ca","1 35 778 6040-0663","Vila do Conde Fire Department",,"1 54 791 7798-7400","CXHXF86",,"Geospatial Information Officer","1 Home Close","Fred Bloggs","Dad",111,
"Mr.","Abraham","Robbins","Volunteer","ac@egetmagna.com","1 57 639 1373-6670","Vila do Conde Fire Department",,"1 12 539 9198-1723","VXAII89",,"Child Care Worker, Part Time","2 Home Close",,,,
"Mr.","Aimee","Hines","Volunteer","vitae@Vivamusnon.org","1 65 938 2322-2968","Vila do Conde Fire Department",,"1 18 163 7203-3474","GHPTX17",,"General Manager","3 Home Close",,,,
"Ms.","Alea","Burns","Volunteer","eget@dictummagnaUt.com","1 66 829 6831-0861","Vila do Conde Fire Department",,"1 48 869 8968-0831","XBUFQ41",,"Chief Executive Officer","4 Home Close",,,,
"Mr.","Alexa","Sandoval","Volunteer","erat.eget@eu.ca","1 56 867 2323-9549","Vila do Conde Fire Department",,"1 40 414 5914-0994","REBNS74",,"Chief Operating Officer","5 Home Close",,,,
"Mr.","Amal","Rasmussen","Volunteer","cursus.Integer@magnaDuisdignissim.org","1 46 489 8829-2184","Vila do Conde Fire Department",,"1 62 128 2517-6880","YNPRY21",,"Communications Manager","6 Home Close",,,,
"Ms.","Amy","Barker","Volunteer","et@netuset.ca","1 85 810 1261-7270","Vila do Conde Fire Department",,"1 55 288 9602-6139","ZAUUW37",,"Operations Manager","7 Home Close",,,,
"Ms.","Amy","Grant","Volunteer","urna.nec.luctus@dictum.com","1 51 301 1099-9437","Vila do Conde Fire Department",,"1 13 737 6416-4511","AFSGS85",,"Chief Operating Officer","8 Home Close",,,,
"Mr.","Aphrodite","Cooke","Volunteer","mauris.id@Integervitaenibh.org","1 38 734 7563-7141","Vila do Conde Fire Department",,"1 45 471 7734-8544","EDPSK44",,"Chief Information Officer","9 Home Close",,,,
"Mr.","Aretha","Kline","Volunteer","nulla.ante.iaculis@suscipitnonummyFusce.org","1 36 447 7352-3387","Vila do Conde Fire Department",,"1 68 732 1858-9018","OWBFE76",,"Chief Information Officer","10 Home Close",,,,
"Ms.","Armando","Duncan","Volunteer","vitae@sedfacilisis.org","1 31 208 5895-6805","Vila do Conde Fire Department",,"1 74 922 4415-5356","OYRFF84",,"Chief Financial Officer","11 Home Close",,,,
"Ms.","Asher","Guthrie","Volunteer","ipsum.Suspendisse.non@diameu.org","1 30 993 1275-4273","Vila do Conde Fire Department",,"1 98 980 1201-3440","JCHWJ38",,"Chief Information Officer","12 Home Close",,,,
"Mr.","Axel","Avila","Volunteer","tristique.neque@Sed.org","1 83 937 9288-1063","Vila do Conde Fire Department",,"1 52 476 2728-8233","YMNPH85",,"Chief Administrative Officer","13 Home Close",,,,
"Mr.","Ayanna","Rivers","Volunteer","sit.amet.consectetuer@acipsumPhasellus.com","1 11 319 6433-5337","Vila do Conde Fire Department",,"1 35 923 8815-9998","XRCJT36",,"City Manager","14 Home Close",,,,
"Ms.","Barbara","Bean","Volunteer","nec@atrisusNunc.ca","1 45 535 3741-2244","Vila do Conde Fire Department",,"1 21 814 1822-9339","JGWHR47",,"Chief Administrative Officer","15 Home Close",,,,
"Ms.","Basia","Wilson","Volunteer","Pellentesque@velest.edu","1 42 671 3977-7201","Vila do Conde Fire Department",,"1 64 730 4548-6408","NNINY52",,"Safety Engineer","16 Home Close",,,,
"Ms.","Basia","Boyle","Volunteer","ac.turpis.egestas@Aliquamfringillacursus.edu","1 36 786 5238-0521","Vila do Conde Fire Department",,"1 57 203 9759-8637","RCQTK35",,"Chief Administrative Officer","17 Home Close",,,,
"Ms.","Benjamin","Duffy","Volunteer","nulla.at.sem@egetodio.ca","1 18 728 6426-8269","Vila do Conde Fire Department",,"1 58 973 7467-5883","BIMBI47",,"Safety Officer","18 Home Close",,,,
"Ms.","Caesar","Levy","Volunteer","Sed.nulla@aliquet.edu","1 62 622 2136-3872","Vila do Conde Fire Department",,"1 11 513 8333-4930","LQCOG42",,"Procurement Officer","19 Home Close",,,,
"Mr.","Camden","Manning","Volunteer","aliquet@lectus.com","1 98 513 9765-6232","Vila do Conde Fire Department",,"1 19 830 2538-7819","JHWVG74",,"Chief Operating Officer","20 Home Close",,,,
"Ms.","Candice","Patrick","Volunteer","diam@erosNam.ca","1 38 587 6465-9454","Vila do Conde Fire Department",,"1 24 860 2112-2845","HTRCA56",,"Doctor","21 Home Close",,,,
"Ms.","Carissa","Tyson","Volunteer","auctor.non.feugiat@Curabitursedtortor.org","1 33 316 1504-1594","Vila do Conde Fire Department",,"1 72 966 7051-2421","UCEMK57",,"Engineer","22 Home Close",,,,
"Mr.","Carson","Sharpe","Volunteer","lobortis@viverraDonectempus.org","1 23 867 5443-1262","Vila do Conde Fire Department",,"1 33 990 7394-5758","YGNOK84",,"City Manager","23 Home Close",,,,
"Ms.","Catherine","Foreman","Volunteer","ut@Integerinmagna.org","1 55 707 2981-0545","Vila do Conde Fire Department",,"1 44 211 8201-3335","MCZCQ58",,"Doctor","24 Home Close",,,,
"Ms.","Chancellor","Salas","Volunteer","et@Sedmolestie.ca","1 37 546 6698-6895","Vila do Conde Fire Department",,"1 50 781 2313-5987","UEBUL83",,"Chief Information Officer","25 Home Close",,,,
"Mr.","Chaney","Hill","Volunteer","sociis.natoque.penatibus@ipsumsodalespurus.org","1 58 237 1272-0119","Vila do Conde Fire Department",,"1 84 199 4511-6625","GZAVM89",,"Chief Information Officer","26 Home Close",,,,
"Mr.","Charde","Cain","Volunteer","dis.parturient.montes@estmauris.ca","1 28 706 2996-3181","Vila do Conde Fire Department",,"1 42 165 1208-4201","XPGSU15",,"Chief Executive Officer","27 Home Close",,,,
"Mr.","Charissa","Leonard","Volunteer","felis@Suspendisse.edu","1 58 811 7931-3534","Vila do Conde Fire Department",,"1 72 546 8687-8309","NEURR75",,"Operations Manager","28 Home Close",,,,
"Mr.","Cherokee","Hutchinson","Volunteer","non.magna@accumsanconvallisante.com","1 59 358 3243-5215","Vila do Conde Fire Department",,"1 16 678 2116-3609","FAKPM49",,"Chief Executive Officer","29 Home Close",,,,
"Ms.","Cheryl","Cherry","Volunteer","malesuada.Integer.id@mollis.edu","1 95 881 4037-9637","Vila do Conde Fire Department",,"1 46 818 7221-4462","ZVLDU99",,"Chief Financial Officer","30 Home Close",,,,
"Mr.","Clio","Sutton","Volunteer","montes.nascetur.ridiculus@ipsumcursus.ca","1 16 409 1507-2578","Vila do Conde Fire Department",,"1 46 273 2361-5543","FDYZE64",,"City Manager","31 Home Close",,,,
"Ms.","Colleen","Hubbard","Volunteer","orci.luctus.et@enim.edu","1 42 834 6416-3137","Vila do Conde Fire Department",,"1 87 701 8052-2950","FWOHG72",,"Office Manager","32 Home Close",,,,
"Ms.","Colton","Callahan","Volunteer","sociis.natoque@Loremipsumdolor.com","1 24 304 8002-3856","Vila do Conde Fire Department",,"1 16 328 7978-2937","LDUTH21",,"Chief Administrative Officer","33 Home Close",,,,
"Ms.","Constance","Castaneda","Volunteer","luctus@semsempererat.edu","1 95 102 5806-4706","Vila do Conde Fire Department",,"1 58 395 4618-8381","OOAPM67",,"Chief Executive Officer","34 Home Close",,,,
"Mr.","Cooper","Lee","Volunteer","a.odio.semper@faucibus.edu","1 97 848 6053-5369","Vila do Conde Fire Department",,"1 60 992 8483-7366","MRXMQ63",,"Child Care Worker, Part Time","35 Home Close",,,,
"Ms.","Cyrus","Logan","Volunteer","et@enim.com","1 68 479 6285-0901","Vila do Conde Fire Department",,"1 25 848 5329-6706","RHQYW54",,"Procurement Officer","36 Home Close",,,,
"Ms.","Dale","Workman","Volunteer","non.luctus.sit@pede.ca","1 70 967 6535-9607","Vila do Conde Fire Department",,"1 77 209 4176-3763","FTZEM91",,"Child Care Worker, Part Time","37 Home Close",,,,
"Ms.","Damian","Michael","Volunteer","Suspendisse.sed@Maurisnondui.com","1 82 893 9623-6477","Vila do Conde Fire Department",,"1 20 405 8291-4518","ACBKX42",,"City Manager","38 Home Close",,,,
"Mr.","Damian","Grant","Volunteer","lorem@metus.com","1 28 547 4811-9356","Vila do Conde Fire Department",,"1 20 680 1177-3096","YBHJG29",,"Chief Executive Officer","39 Home Close",,,,
"Ms.","Dara","Spencer","Volunteer","leo.Morbi.neque@erosnectellus.edu","1 26 898 8014-2153","Vila do Conde Fire Department",,"1 84 417 5505-8865","WJVZO58",,"Child Care Worker","40 Home Close",,,,
"Ms.","Darius","Clarke","Volunteer","dictum@ut.ca","1 83 295 2322-9548","Vila do Conde Fire Department",,"1 69 991 4447-7588","CXZCU32",,"Procurement Officer","41 Home Close",,,,
"Ms.","Deborah","Hood","Volunteer","aliquet@quisdiam.ca","1 53 907 1697-8786","Vila do Conde Fire Department",,"1 98 509 1032-3854","LCNLP84",,"Child Care Worker","42 Home Close",,,,
"Ms.","Debra","Mercado","Volunteer","massa.Mauris.vestibulum@hymenaeosMauris.ca","1 22 759 6667-1023","Vila do Conde Fire Department",,"1 49 715 3816-0790","EPHBS57",,"Child Care Worker, Part Time","43 Home Close",,,,
"Ms.","Delilah","Jackson","Volunteer","augue.eu@Morbisit.edu","1 86 707 3268-3193","Vila do Conde Fire Department",,"1 81 211 6897-1417","CLBHH79",,"Chief Financial Officer","44 Home Close",,,,
"Mr.","Dennis","Molina","Volunteer","egestas.Aliquam@arcu.edu","1 64 528 4756-2527","Vila do Conde Fire Department",,"1 88 310 4651-9235","IQGLI79",,"Chief Technical Officer","45 Home Close",,,,
"Ms.","Diana","Howell","Volunteer","suscipit@sollicitudinorci.ca","1 16 663 3834-9004","Vila do Conde Fire Department",,"1 11 740 1582-8359","YXJUZ94",,"Chief Operating Officer","46 Home Close",,,,
"Mr.","Duncan","Kerr","Volunteer","ante@felis.edu","1 88 250 7581-9371","Vila do Conde Fire Department",,"1 32 250 5132-4845","TUZUR99",,"Child Care Worker","47 Home Close",,,,
"Mr.","Emily","Bean","Volunteer","libero.lacus.varius@gravidasagittis.ca","1 75 951 4007-1784","Vila do Conde Fire Department",,"1 91 841 6024-3260","EEGZW78",,"Chief Administrative Officer","48 Home Close",,,,
"Mr.","Erich","Simon","Volunteer","Sed.diam.lorem@apurus.ca","1 91 978 5352-0845","Vila do Conde Fire Department",,"1 70 754 4780-0739","CWKAU59",,"Child Care Worker, Part Time","49 Home Close",,,,
"Mr.","Eugenia","Whitfield","Volunteer","molestie.orci@temporbibendum.ca","1 59 823 1315-1053","Vila do Conde Fire Department",,"1 21 933 7892-1927","FSFFG21",,"Chief Technical Officer","50 Home Close",,,,
"Mr.","Ezra","Beard","Volunteer","Phasellus.dapibus@urnaUttincidunt.com","1 54 814 1810-6957","Vila do Conde Fire Department",,"1 66 359 2298-5908","AWXMI44",,"Chief Administrative Officer","51 Home Close",,,,
"Mr.","Felicia","Bonner","Volunteer","lacus@lorem.org","1 70 371 5025-8121","Vila do Conde Fire Department",,"1 78 242 9759-0521","PMZED14",,"Chief Executive Officer","52 Home Close",,,,
"Mr.","Felix","Harvey","Volunteer","ut.quam@molestiearcuSed.ca","1 66 578 9811-3746","Vila do Conde Fire Department",,"1 20 314 5054-3949","EGLZW25",,"Chief Operating Officer","53 Home Close",,,,
"Ms.","Ferris","Caldwell","Volunteer","Vivamus.nibh@nisl.org","1 12 996 8633-5912","Vila do Conde Fire Department",,"1 22 173 5059-4619","PEFEH51",,"Chief Executive Officer","54 Home Close",,,,
"Mr.","Florence","Williamson","Volunteer","Cras@maurissapien.ca","1 16 943 9066-7457","Vila do Conde Fire Department",,"1 93 665 2529-9210","NSQNS35",,"Communications Manager","55 Home Close",,,,
"Mr.","Francesca","Mcleod","Volunteer","nec.mauris@vehicularisus.edu","1 21 370 3810-5514","Vila do Conde Fire Department",,"1 15 547 6345-7051","QXEVC41",,"Chief Information Officer","56 Home Close",,,,
"Ms.","Fredericka","Barnett","Volunteer","erat.vitae.risus@vestibulumMauris.com","1 12 142 4948-9290","Vila do Conde Fire Department",,"1 86 597 4738-1300","EQPQQ86",,"Chief Administrative Officer","57 Home Close",,,,
"Ms.","Gail","Alexander","Volunteer","sagittis.augue.eu@Curabituregestasnunc.org","1 80 678 9425-2740","Vila do Conde Fire Department",,"1 54 657 9231-6365","EICYF25",,"Officer","58 Home Close",,,,
"Ms.","Gary","Becker","Volunteer","at.auctor.ullamcorper@egestas.edu","1 76 375 3570-5328","Vila do Conde Fire Department",,"1 27 456 9620-0319","PGSTZ31",,"Chief Executive Officer","59 Home Close",,,,
"Mr.","Genevieve","Scott","Volunteer","nunc.sed@liberoat.ca","1 56 203 1356-3158","Vila do Conde Fire Department",,"1 76 765 6385-6660","FFJAT92",,"Chief Technical Officer","60 Home Close",,,,
"Ms.","Ginger","Turner","Volunteer","ac@sed.com","1 37 499 9271-8888","Vila do Conde Fire Department",,"1 14 211 6840-2313","KGQWM43",,"Communications Manager","61 Home Close",,,,
"Ms.","Hammett","George","Volunteer","ut.ipsum.ac@velitSedmalesuada.com","1 87 886 2485-2188","Vila do Conde Fire Department",,"1 81 190 8270-6123","YZSJV52",,"Child Care Worker","62 Home Close",,,,
"Ms.","Hammett","Mccarthy","Volunteer","egestas@quistristiqueac.edu","1 46 354 5051-9698","Vila do Conde Fire Department",,"1 63 100 8828-1715","WYWAI54",,"Chief Operating Officer","63 Home Close",,,,
"Ms.","Hedwig","Mckay","Volunteer","faucibus.Morbi.vehicula@laoreet.edu","1 43 191 7052-0538","Vila do Conde Fire Department",,"1 64 514 7640-0028","IOVNY25",,"Chief Technical Officer","64 Home Close",,,,
"Mr.","Hilda","Harris","Volunteer","eu.euismod@nisinibh.ca","1 18 245 7043-4110","Vila do Conde Fire Department",,"1 73 549 5624-0655","OCFJD15",,"Doctor","65 Home Close",,,,
"Mr.","Hiroko","Donaldson","Volunteer","eu@ornarelectusjusto.edu","1 81 113 2597-7990","Vila do Conde Fire Department",,"1 36 779 5650-0721","FYLLU55",,"Chief Information Officer","66 Home Close",,,,
"Ms.","Honorato","Joyner","Volunteer","pellentesque.tellus.sem@dolorsitamet.com","1 15 579 9289-2297","Vila do Conde Fire Department",,"1 97 535 6468-8008","WAQID28",,"Child Care Worker, Part Time","67 Home Close",,,,
"Mr.","Hop","Cherry","Volunteer","dolor@ac.org","1 99 151 6745-9394","Vila do Conde Fire Department",,"1 34 266 6823-2452","ZRDNP15",,"Child Care Worker, Part Time","68 Home Close",,,,
"Ms.","Hyacinth","Leblanc","Volunteer","dis.parturient@consectetuerrhoncusNullam.edu","1 39 220 3784-0408","Vila do Conde Fire Department",,"1 77 130 7500-9525","FDXKK86",,"Graphic Designer","69 Home Close",,,,
"Mr.","Ifeoma","Cleveland","Volunteer","amet@commodohendreritDonec.org","1 55 901 5278-2603","Vila do Conde Fire Department",,"1 60 317 6591-9040","ZEPPQ26",,"City Manager","70 Home Close",,,,
"Mr.","Ignatius","Jarvis","Volunteer","eu.lacus@ideratEtiam.org","1 31 653 1035-4649","Vila do Conde Fire Department",,"1 71 160 2162-5131","XJDKQ41",,"Chief Technical Officer","71 Home Close",,,,
"Ms.","Ignatius","Hartman","Volunteer","dictum.ultricies@felisorciadipiscing.org","1 46 987 6065-1799","Vila do Conde Fire Department",,"1 16 384 3962-3039","OCLDL21",,"Chief Financial Officer","72 Home Close",,,,
"Ms.","Illiana","Farrell","Volunteer","rutrum.urna@leoin.edu","1 67 351 4248-2347","Vila do Conde Fire Department",,"1 19 460 6366-7902","KQWRF69",,"Chief Administrative Officer","73 Home Close",,,,
"Mr.","Ina","Huber","Volunteer","velit.in.aliquet@Namporttitorscelerisque.ca","1 18 263 9662-7263","Vila do Conde Fire Department",,"1 87 879 1299-7316","BCBWE91",,"Technician","74 Home Close",,,,
"Mr.","Indigo","Barrera","Volunteer","metus.eu.erat@tempuseuligula.ca","1 97 887 9313-0998","Vila do Conde Fire Department",,"1 17 715 1328-8295","IRTEQ59",,"Procurement Officer","75 Home Close",,,,
"Mr.","Inez","Hardy","Volunteer","Integer.mollis@Nuncpulvinararcu.ca","1 96 512 4243-1932","Vila do Conde Fire Department",,"1 40 784 1299-6391","KWEGT87",,"City Manager","76 Home Close",,,,
"Mr.","Iona","Franco","Volunteer","rutrum@aodio.org","1 77 974 5046-9355","Vila do Conde Fire Department",,"1 56 294 1539-0632","RVIKN13",,"Chief Technical Officer","77 Home Close",,,,
"Ms.","Iona","William","Volunteer","est.mollis.non@sapien.com","1 67 501 5266-6460","Vila do Conde Fire Department",,"1 69 646 1004-4061","DXUOP51",,"Nurse","78 Home Close",,,,
"Ms.","Irma","Spence","Volunteer","tempor.est@ridiculusmusAenean.edu","1 44 776 2939-6450","Vila do Conde Fire Department",,"1 87 867 1042-5220","UGTVP25",,"Communications Manager","79 Home Close",,,,
"Ms.","Isadora","Landry","Volunteer","massa@nisl.com","1 23 887 4165-9548","Vila do Conde Fire Department",,"1 87 271 2063-5158","POCYU57",,"Grants Administration Officer","80 Home Close",,,,
"Mr.","Ivy","Tyson","Volunteer","eu@eueuismod.com","1 84 721 3495-3786","Vila do Conde Fire Department",,"1 71 634 5900-3946","ZYQLV12",,"Communications Manager","81 Home Close",,,,
"Ms.","Jade","Ferguson","Volunteer","tristique.neque.venenatis@Duisacarcu.com","1 77 528 1600-5299","Vila do Conde Fire Department",,"1 76 437 2194-5263","WQRFI47",,"Chief Executive Officer","82 Home Close",,,,
"Ms.","Jade","Clayton","Volunteer","in.cursus.et@rhoncus.org","1 40 831 8903-6068","Vila do Conde Fire Department",,"1 83 889 7231-7454","JPRWY77",,"Safety Engineer","83 Home Close",,,,
"Mr.","Jarrod","Newman","Volunteer","non@semperetlacinia.org","1 59 123 1685-4505","Vila do Conde Fire Department",,"1 60 710 3279-7340","VDJLQ34",,"Child Care Worker","84 Home Close",,,,
"Ms.","Jasmine","Galloway","Volunteer","a.felis.ullamcorper@cursusnon.org","1 57 121 7799-2023","Vila do Conde Fire Department",,"1 43 375 9161-6064","JCPYO39",,"Chief Information Officer","85 Home Close",,,,
"Ms.","Jason","Gill","Volunteer","dis.parturient.montes@arcuimperdiet.ca","1 11 941 5305-6414","Vila do Conde Fire Department",,"1 68 218 7379-8136","LVQKW74",,"Chief Administrative Officer","86 Home Close",,,,
"Ms.","Jemima","Farmer","Volunteer","arcu@porttitorscelerisque.edu","1 59 142 5257-5803","Vila do Conde Fire Department",,"1 56 391 5988-4005","DOZEB82",,"Communications Manager","87 Home Close",,,,
"Mr.","Jorden","Warner","Volunteer","luctus.et@Integer.com","1 98 273 4150-3914","Vila do Conde Fire Department",,"1 12 447 7023-5271","LYZVX89",,"Communications Manager","88 Home Close",,,,
"Mr.","Julie","Shepherd","Volunteer","dictum@venenatisamagna.org","1 33 588 2982-4321","Vila do Conde Fire Department",,"1 40 396 8025-5086","PSLEZ87",,"Doctor","89 Home Close",,,,
"Ms.","Kalia","Blackwell","Volunteer","Cras.vulputate.velit@liberonecligula.com","1 58 122 3539-9798","Vila do Conde Fire Department",,"1 41 227 5249-7506","JXARJ87",,"Chief Administrative Officer","90 Home Close",,,,
"Mr.","Kennan","Langley","Volunteer","adipiscing@Maurisblanditenim.org","1 47 608 6213-2976","Vila do Conde Fire Department",,"1 67 394 6421-9860","VQGJA19",,"Child Care Worker","91 Home Close",,,,
"Ms.","Kennan","Reese","Volunteer","Donec@risusNulla.org","1 31 785 2744-6088","Vila do Conde Fire Department",,"1 96 880 1533-1053","FBIVI56",,"Doctor","92 Home Close",,,,
"Ms.","Kimberly","Lawson","Volunteer","In@sem.com","1 89 994 6882-3928","Vila do Conde Fire Department",,"1 48 954 4618-1603","LJNXE49",,"Officer","93 Home Close",,,,
"Mr.","Lamar","Gray","Volunteer","cursus.in.hendrerit@consectetuermaurisid.edu","1 81 901 4667-8655","Vila do Conde Fire Department",,"1 41 961 9628-2581","ESTKO94",,"Chief Executive Officer","94 Home Close",,,,
"Mr.","Lance","Nichols","Volunteer","velit.Quisque@Aliquameratvolutpat.com","1 84 415 2066-4308","Vila do Conde Fire Department",,"1 50 739 6714-2748","EIEND79",,"City Manager","95 Home Close",,,,
"Ms.","Larissa","Campbell","Volunteer","vel.pede@Quisqueornare.org","1 64 880 8486-3385","Vila do Conde Fire Department",,"1 11 644 8929-5419","DVWWK37",,"Chief Information Officer","96 Home Close",,,,
"Ms.","Len","Acevedo","Volunteer","Proin.sed@molestietellus.com","1 16 556 7424-2623","Vila do Conde Fire Department",,"1 18 880 2146-7491","ZIRII38",,"Office Manager","97 Home Close",,,,
"Ms.","Lesley","Vincent","Volunteer","arcu.vel.quam@vel.org","1 10 945 9147-6740","Vila do Conde Fire Department",,"1 45 124 7352-9467","FUJYW48",,"Nurse","98 Home Close",,,,
"Mr.","Leslie","Huber","Volunteer","Proin.velit@vel.com","1 16 608 2508-1132","Vila do Conde Fire Department",,"1 27 676 2011-6649","ATSLV42",,"Chief Technical Officer","99 Home Close",,,,
"Mr.","Lester","Kane","Volunteer","posuere.enim@acfacilisisfacilisis.edu","1 32 964 5680-0175","Vila do Conde Fire Department",,"1 23 514 8888-4388","IPLLW74",,"Chief Financial Officer","100 Home Close",,,,
"Ms.","Logan","Mcdaniel","Volunteer","non.sollicitudin@ac.org","1 63 746 3534-0030","Vila do Conde Fire Department",,"1 22 340 6658-2125","DKYVB36",,"Chief Operating Officer","101 Home Close",,,,
"Ms.","Lucian","Christian","Volunteer","Sed@sagittisNullamvitae.edu","1 92 158 7630-2217","Vila do Conde Fire Department",,"1 20 940 7240-8641","PEYRC27",,"Chief Financial Officer","102 Home Close",,,,
"Mr.","Margaret","Greene","Volunteer","eget@ultricesaauctor.edu","1 33 811 9233-8088","Vila do Conde Fire Department",,"1 81 814 2031-6727","JBBJH42",,"Technician","103 Home Close",,,,
"Mr.","Mark","Erickson","Volunteer","vitae.dolor.Donec@egestasAliquam.org","1 78 301 3613-0581","Vila do Conde Fire Department",,"1 49 538 3539-1630","UACNT97",,"Chief Operating Officer","104 Home Close",,,,
"Ms.","McKenzie","Mcconnell","Volunteer","Nulla@malesuada.org","1 42 750 2177-4065","Vila do Conde Fire Department",,"1 49 877 9683-2485","RYYJH21",,"Doctor","105 Home Close",,,,
"Ms.","Medge","Chen","Volunteer","sollicitudin.a@ornaresagittis.ca","1 13 713 6767-2779","Vila do Conde Fire Department",,"1 56 883 2584-1077","BIFXJ67",,"Chief Financial Officer","106 Home Close",,,,
"Mr.","Melanie","Osborne","Volunteer","nunc.nulla@tempuslorem.com","1 58 645 5485-7266","Vila do Conde Fire Department",,"1 65 504 5240-8002","WRYED88",,"Child Care Worker","107 Home Close",,,,
"Ms.","Melanie","Frazier","Volunteer","magna.a.neque@ametdapibus.edu","1 74 357 1228-5359","Vila do Conde Fire Department",,"1 51 369 6888-4113","GPWIH35",,"Chief Technical Officer","108 Home Close",,,,
"Mr.","Mollie","Horn","Volunteer","elit.a.feugiat@pretiumet.edu","1 31 844 2535-3990","Vila do Conde Fire Department",,"1 14 726 2291-9446","GZFJF42",,"Child Care Worker","109 Home Close",,,,
"Ms.","Mona","Davidson","Volunteer","nisi@libero.ca","1 47 717 4165-3330","Vila do Conde Fire Department",,"1 36 562 2291-9230","HOSEZ48",,"Chief Technical Officer","110 Home Close",,,,
"Mr.","Morgan","Foster","Volunteer","ipsum.nunc@CuraePhasellus.ca","1 10 797 5079-2224","Vila do Conde Fire Department",,"1 97 173 3370-0026","YUXXV96",,"Chief Financial Officer","111 Home Close",,,,
"Mr.","Morgan","Richard","Volunteer","dolor@elementumlorem.com","1 32 100 7934-8338","Vila do Conde Fire Department",,"1 41 755 5931-6026","CSMNA76",,"Chief Financial Officer","112 Home Close",,,,
"Ms.","Naida","Shepard","Volunteer","nec@consectetuerrhoncusNullam.org","1 79 304 8908-3267","Vila do Conde Fire Department",,"1 94 901 5179-8621","PDLDW44",,"Doctor","113 Home Close",,,,
"Mr.","Natalie","Sullivan","Volunteer","at.auctor@ultriciessemmagna.edu","1 60 118 5301-7160","Vila do Conde Fire Department",,"1 91 837 7483-1636","ZEHDU42",,"Emergency Medical Technician","114 Home Close",,,,
"Mr.","Nevada","Cummings","Volunteer","Integer.aliquam.adipiscing@convallis.com","1 21 148 3943-2384","Vila do Conde Fire Department",,"1 46 786 9278-9908","YFPGK74",,"Chief Information Officer","115 Home Close",,,,
"Mr.","Nina","Rutledge","Volunteer","consequat@quisarcuvel.org","1 33 804 1504-8771","Vila do Conde Fire Department",,"1 88 795 9437-1101","AVWNC24",,"Chief Operating Officer","116 Home Close",,,,
"Mr.","Nita","Hendrix","Volunteer","laoreet.posuere@tellus.edu","1 30 676 2481-1775","Vila do Conde Fire Department",,"1 69 901 5823-5670","PYQQG73",,"Communications Manager","117 Home Close",,,,
"Ms.","Noelani","Bridges","Volunteer","semper@luctus.com","1 29 297 7988-3094","Vila do Conde Fire Department",,"1 31 121 4606-3186","CDPJG55",,"Procurement Officer","118 Home Close",,,,
"Ms.","Noelani","Koch","Volunteer","primis@egetipsum.edu","1 50 620 2214-1596","Vila do Conde Fire Department",,"1 41 753 8173-8279","AISBW77",,"Grant Writer","119 Home Close",,,,
"Mr.","Nola","Booth","Volunteer","eget@musAenean.org","1 33 848 3999-4843","Vila do Conde Fire Department",,"1 67 815 7735-4465","CEGUN66",,"Chief Administrative Officer","120 Home Close",,,,
"Ms.","Ocean","Beard","Volunteer","risus.Donec@eget.edu","1 32 138 4003-9253","Vila do Conde Fire Department",,"1 94 707 6067-8713","GFKJM65",,"Chief Executive Officer","121 Home Close",,,,
"Ms.","Octavia","Donaldson","Volunteer","congue.elit.sed@velquam.org","1 74 417 1380-8424","Vila do Conde Fire Department",,"1 11 524 9001-7244","ZYFSS61",,"Chief Operating Officer","122 Home Close",,,,
"Ms.","Odysseus","Padilla","Volunteer","at.augue.id@enim.com","1 98 324 1404-8047","Vila do Conde Fire Department",,"1 18 706 1912-6864","ZRTIO66",,"Child Care Worker","123 Home Close",,,,
"Mr.","Ori","Ballard","Volunteer","metus.In.nec@auctorvitae.org","1 13 305 6598-8018","Vila do Conde Fire Department",,"1 69 767 6155-8667","SGTLH27",,"Chief Administrative Officer","124 Home Close",,,,
"Ms.","Orla","David","Volunteer","primis.in@vitaealiquetnec.ca","1 20 326 9589-5460","Vila do Conde Fire Department",,"1 22 211 1645-3668","JKWGO95",,"Chief Operating Officer","125 Home Close",,,,
"Mr.","Otto","Knapp","Volunteer","et.rutrum@orcitincidunt.org","1 73 876 7301-4359","Vila do Conde Fire Department",,"1 57 255 3868-5198","RMEGF51",,"Child Care Worker, Part Time","126 Home Close",,,,
"Mr.","Owen","Tucker","Volunteer","magna@purusaccumsan.com","1 49 117 2134-5450","Vila do Conde Fire Department",,"1 71 154 5065-8599","DJZNT96",,"Nurse","127 Home Close",,,,
"Ms.","Patrick","Blackburn","Volunteer","ornare.egestas@atarcu.edu","1 65 936 1265-4850","Vila do Conde Fire Department",,"1 79 402 2174-9882","FJZKA54",,"Chief Executive Officer","128 Home Close",,,,
"Ms.","Patrick","Copeland","Volunteer","Nulla.semper.tellus@feugiat.edu","1 47 797 9313-7712","Vila do Conde Fire Department",,"1 53 241 2115-8307","CFVHP61",,"Chief Information Officer","129 Home Close",,,,
"Ms.","Phelan","Bryant","Volunteer","Nunc@enimMaurisquis.org","1 28 915 6761-9861","Vila do Conde Fire Department",,"1 53 297 7629-4316","SVVLY64",,"Chief Financial Officer","130 Home Close",,,,
"Mr.","Phoebe","Hewitt","Volunteer","risus.Donec@risus.edu","1 24 816 3997-1927","Vila do Conde Fire Department",,"1 55 144 4264-0185","FZPKD12",,"Chief Operating Officer","131 Home Close",,,,
"Mr.","Piper","Brock","Volunteer","Nulla.dignissim@Sedmalesuada.edu","1 26 121 8585-8338","Vila do Conde Fire Department",,"1 12 432 6255-0675","AFYAK61",,"Chief Executive Officer","132 Home Close",,,,
"Ms.","Prescott","Meadows","Volunteer","feugiat.tellus.lorem@dictummi.edu","1 63 591 1837-9975","Vila do Conde Fire Department",,"1 26 112 4008-8625","NTLSJ83",,"Chief Technical Officer","133 Home Close",,,,
"Mr.","Quinlan","Norman","Volunteer","venenatis@etlaciniavitae.com","1 90 100 1418-0567","Vila do Conde Fire Department",,"1 84 809 8105-9752","IHPTF68",,"Chief Technical Officer","134 Home Close",,,,
"Mr.","Rama","Cleveland","Volunteer","in.cursus@ategestasa.edu","1 27 579 2010-5428","Vila do Conde Fire Department",,"1 23 476 6854-6751","QIFRN93",,"Chief Financial Officer","135 Home Close",,,,
"Mr.","Rhea","Grimes","Volunteer","natoque.penatibus@auctorvelit.ca","1 54 564 9693-6090","Vila do Conde Fire Department",,"1 68 603 6361-1016","IPQFC27",,"Chief Financial Officer","136 Home Close",,,,
"Ms.","Rowan","Klein","Volunteer","ac@Duiselementum.edu","1 70 237 7761-8288","Vila do Conde Fire Department",,"1 90 847 5865-7198","TPHWH41",,"Chief Financial Officer","137 Home Close",,,,
"Mr.","Samuel","Eaton","Volunteer","sodales.at@non.edu","1 57 295 9944-2852","Vila do Conde Fire Department",,"1 54 209 4459-3826","EMXFZ64",,"Chief Operating Officer","138 Home Close",,,,
"Ms.","Sarah","Peterson","Volunteer","luctus.ut@facilisiseget.com","1 79 902 4684-7106","Vila do Conde Fire Department",,"1 48 371 3415-2956","EBYNT94",,"City Manager","139 Home Close",,,,
"Ms.","Sebastian","Gould","Volunteer","tristique@blanditmattis.org","1 71 586 1147-0099","Vila do Conde Fire Department",,"1 64 186 6957-7998","SPJLG59",,"Chief Technical Officer","140 Home Close",,,,
"Ms.","Seth","Talley","Volunteer","euismod.urna.Nullam@diam.ca","1 18 589 1564-0197","Vila do Conde Fire Department",,"1 19 974 5330-2249","PRFJR18",,"Nurse","141 Home Close",,,,
"Mr.","Shafira","Melendez","Volunteer","feugiat@quamafelis.com","1 28 614 1562-2278","Vila do Conde Fire Department",,"1 68 718 3861-6248","ZLFIR19",,"Chief Operating Officer","142 Home Close",,,,
"Mr.","Shannon","Mcbride","Volunteer","mollis.Duis.sit@ridiculus.ca","1 52 820 1441-7006","Vila do Conde Fire Department",,"1 87 862 7812-7664","YZCTN46",,"City Manager","143 Home Close",,,,
"Mr.","Sharon","Guzman","Volunteer","Etiam.ligula.tortor@aliquamenimnec.ca","1 54 192 5973-6393","Vila do Conde Fire Department",,"1 34 528 6122-0648","LDHFR73",,"Chief Technical Officer","144 Home Close",,,,
"Mr.","Simon","Barnett","Volunteer","et@bibendum.edu","1 88 402 4688-5007","Vila do Conde Fire Department",,"1 21 692 8568-4717","ULLWG33",,"Chief Administrative Officer","145 Home Close",,,,
"Mr.","Simone","Rhodes","Volunteer","semper.et@Proin.org","1 36 428 6535-5441","Vila do Conde Fire Department",,"1 79 884 8344-1287","OBHFI96",,"Child Care Worker","146 Home Close",,,,
"Ms.","Sonia","Lynn","Volunteer","Fusce.mi@feugiatnec.ca","1 64 332 9219-9942","Vila do Conde Fire Department",,"1 71 442 8362-1267","SFCNV57",,"Chief Information Officer","147 Home Close",,,,
"Ms.","Sopoline","Nieves","Volunteer","at.libero.Morbi@nectempus.com","1 53 555 4714-4733","Vila do Conde Fire Department",,"1 38 497 6056-8207","DPMLB89",,"Child Care Worker, Part Time","148 Home Close",,,,
"Mr.","Sylvester","Lott","Volunteer","elit.Curabitur@elitdictumeu.com","1 61 350 4523-6581","Vila do Conde Fire Department",,"1 22 906 3999-7542","NFLXV62",,"Chief Technical Officer","149 Home Close",,,,
"Mr.","Tallulah","Sweeney","Volunteer","tempor@et.org","1 36 237 2154-9710","Vila do Conde Fire Department",,"1 10 203 6415-3004","ZDLSJ28",,"Communications Manager","150 Home Close",,,,
"Ms.","Tana","James","Volunteer","mauris.a@est.org","1 70 624 7320-9520","Vila do Conde Fire Department",,"1 53 874 9663-5130","ZNUPH92",,"Child Care Worker","151 Home Close",,,,
"Mr.","Urielle","Guerra","Volunteer","feugiat.non@pellentesqueeget.com","1 60 159 6152-6920","Vila do Conde Fire Department",,"1 99 576 1978-8102","BMNKC64",,"Child Care Worker, Part Time","152 Home Close",,,,
"Ms.","Veda","Shannon","Volunteer","varius@sagittisfelis.org","1 46 853 3947-9830","Vila do Conde Fire Department",,"1 92 114 5265-1504","XNYMY64",,"Child Care Worker","153 Home Close",,,,
"Ms.","Veda","Buchanan","Volunteer","parturient@aliquam.org","1 46 625 9108-5711","Vila do Conde Fire Department",,"1 78 414 1464-3746","KURZD46",,"Child Care Worker","154 Home Close",,,,
"Mr.","Veronica","Boyle","Volunteer","Sed.congue@maurisaliquam.ca","1 76 770 7115-8964","Vila do Conde Fire Department",,"1 72 273 7392-2036","VVSPO44",,"Procurement Officer","155 Home Close",,,,
"Mr.","Vielka","Mcfarland","Volunteer","risus@vulputate.ca","1 49 646 9290-6244","Vila do Conde Fire Department",,"1 76 345 4282-1443","HOHCZ37",,"Human Resources Director","156 Home Close",,,,
"Mr.","Virginia","Houston","Volunteer","non@Fuscefeugiat.ca","1 62 251 3251-7082","Vila do Conde Fire Department",,"1 85 439 3799-7400","ZLAUB39",,"Chief Information Officer","157 Home Close",,,,
"Ms.","Walker","Steele","Volunteer","massa.Vestibulum@malesuada.edu","1 96 670 5247-1151","Vila do Conde Fire Department",,"1 24 413 9593-4779","SZOTY34",,"Communications Manager","158 Home Close",,,,
"Ms.","Walter","Singleton","Volunteer","mi@Aliquam.org","1 13 575 1892-6756","Vila do Conde Fire Department",,"1 83 109 5947-9312","GMOYO94",,"Technician","159 Home Close",,,,
"Mr.","Warren","Contreras","Volunteer","eget.ipsum.Donec@Nuncpulvinararcu.org","1 14 824 4778-3137","Vila do Conde Fire Department",,"1 92 665 6314-3351","QNFIO62",,"Chief Financial Officer","160 Home Close",,,,
"Ms.","Yoko","Frye","Volunteer","egestas@rutrummagna.com","1 36 398 2267-4399","Vila do Conde Fire Department",,"1 93 520 5280-2124","RRLBY24",,"Chief Executive Officer","161 Home Close",,,,
"Ms.","Yoshi","Maxwell","Volunteer","est@lectusquis.edu","1 50 430 7479-9513","Vila do Conde Fire Department",,"1 31 113 5435-3985","CGZCT95",,"Child Care Worker, Part Time","162 Home Close",,,,
"Mr.","Yoshio","Stevenson","Volunteer","erat.vel.pede@Donecvitaeerat.org","1 93 380 1698-8398","Vila do Conde Fire Department",,"1 89 108 6214-1071","TSXKS36",,"City Manager","163 Home Close",,,,
"Ms.","Yvonne","Mcleod","Volunteer","et@cursuset.edu","1 60 681 8638-8721","Vila do Conde Fire Department",,"1 72 488 8651-6128","VWKAN46",,"Chief Information Officer","164 Home Close",,,,
"Mr.","Zachery","Ross","Volunteer","non@atnisiCum.com","1 54 501 2008-9899","Vila do Conde Fire Department",,"1 14 745 3818-8980","KXPWL13",,"Educator","165 Home Close",,,,
"Mr.","Zelenia","Avila","Volunteer","consequat@asollicitudin.edu","1 22 512 5676-7429","Vila do Conde Fire Department",,"1 59 934 7323-2375","LIYMM21",,"Chief Administrative Officer","166 Home Close",,,,
"Ms.","Ahmed","Santos","Volunteer","Nullam.scelerisque.neque@Maurisblandit.ca","1 67 686 3927-2030","Vila do Conde Fire Department",,,,,,,,,,
"Ms.","Ainsley","Randolph","Volunteer","elit.Etiam.laoreet@mattisCraseget.edu","1 53 736 6857-4618","Vila do Conde Fire Department",,,,,,,,,,
"Ms.","Alana","Moran","Volunteer","nonummy.Fusce.fermentum@elitpellentesque.com","1 95 860 8125-5648","Vila do Conde Fire Department",,,,,,,,,,
"Ms.","Alec","Sheppard","Volunteer","elit@ornaretortor.ca","1 64 383 1503-4475","Vila do Conde Fire Department",,,,,,,,,,
"Ms.","Alexander","Lawrence","Volunteer","urna.Nullam@mauriseu.ca","1 49 956 3293-4238","Vila do Conde Fire Department",,,,,,,,,,
"Ms.","Alexis","Carlson","Volunteer","eros@estvitaesodales.ca","1 27 343 6429-4501","Vila do Conde Fire Department",,,,,,,,,,
"Ms.","Alexis","Lindsay","Volunteer","ullamcorper.velit.in@ipsumleoelementum.com","1 20 335 6977-5729","Vila do Conde Fire Department",,,,,,,,,,
"Ms.","Amal","Jacobson","Volunteer","Fusce.mollis@vestibulum.org","1 98 485 3882-8559","Vila do Conde Fire Department",,,,,,,,,,
"Mr.","Amery","Fuller","Volunteer","aliquet.molestie.tellus@luctus.org","1 27 535 1705-3645","Vila do Conde Fire Department",,,,,,,,,,
"Mr.","Amity","Sloan","Volunteer","pede.Nunc@Praesenteunulla.com","1 72 665 9448-6689","Vila do Conde Fire Department",,,,,,,,,,
"Ms.","Ariana","Maynard","Volunteer","non@scelerisquelorem.org","1 60 580 7316-5345","Vila do Conde Fire Department",,,,,,,,,,
"Ms.","Astra","Becker","Volunteer","nec.imperdiet.nec@ac.com","1 87 929 3629-1713","Vila do Conde Fire Department",,,,,,,,,,
"Ms.","Audra","Butler","Volunteer","velit.Pellentesque.ultricies@Namtempordiam.com","1 14 761 7683-9690","Vila do Conde Fire Department",,,,,,,,,,
"Ms.","Audra","Rodriguez","Volunteer","nec.eleifend@sagittis.ca","1 39 806 2402-1656","Vila do Conde Fire Department",,,,,,,,,,
"Mr.","Avye","Riggs","Volunteer","at@nuncinterdumfeugiat.org","1 96 448 5116-9704","Vila do Conde Fire Department",,,,,,,,,,
"Ms.","Barbara","Alford","Volunteer","pede.Cum@parturientmontes.edu","1 61 458 7957-3703","Vila do Conde Fire Department",,,,,,,,,,
"Ms.","Benjamin","Rojas","Volunteer","congue.elit@utnisi.org","1 99 416 5371-6231","Vila do Conde Fire Department",,,,,,,,,,
"Mr.","Blaine","Boyer","Volunteer","pharetra.Nam@nonjusto.edu","1 83 333 6018-4853","Vila do Conde Fire Department",,,,,,,,,,
"Ms.","Boris","Strickland","Volunteer","sit@sociis.ca","1 33 116 3183-2942","Vila do Conde Fire Department",,,,,,,,,,
"Mr.","Brett","Hunt","Volunteer","tempor.diam@cubiliaCurae.ca","1 23 953 5363-4196","Vila do Conde Fire Department",,,,,,,,,,
"Mr.","Brianna","Gillespie","Volunteer","odio.Aliquam@fringillaporttitorvulputate.com","1 12 840 9283-6681","Vila do Conde Fire Department",,,,,,,,,,
"Mr.","Briar","Ward","Volunteer","sapien.imperdiet.ornare@adipiscingligula.com","1 43 160 7341-9242","Vila do Conde Fire Department",,,,,,,,,,
"Ms.","Brielle","Wright","Volunteer","Mauris.vel.turpis@sapienNunc.org","1 36 667 4233-3347","Vila do Conde Fire Department",,,,,,,,,,
"Ms.","Britanni","Mercer","Volunteer","Quisque.ornare.tortor@laciniaorci.com","1 72 638 8178-9102","Vila do Conde Fire Department",,,,,,,,,,
"Mr.","Brooke","Mullen","Volunteer","Morbi@magnaUttincidunt.com","1 94 213 6797-6664","Vila do Conde Fire Department",,,,,,,,,,
"Mr.","Brynne","Stanley","Volunteer","aliquet.odio@musAenean.edu","1 15 495 2052-0376","Vila do Conde Fire Department",,,,,,,,,,
"Ms.","Buckminster","Bray","Volunteer","nisi@nullaante.edu","1 72 563 9285-7282","Vila do Conde Fire Department",,,,,,,,,,
"Mr.","Byron","Moreno","Volunteer","lorem.vehicula@Donecsollicitudinadipiscing.com","1 21 502 9223-3905","Vila do Conde Fire Department",,,,,,,,,,
"Ms.","Cade","Foreman","Volunteer","sagittis.Nullam.vitae@pharetra.org","1 82 666 6237-6651","Vila do Conde Fire Department",,,,,,,,,,
"Ms.","Camden","Franklin","Volunteer","nunc.id@imperdietdictummagna.com","1 56 114 8250-9860","Vila do Conde Fire Department",,,,,,,,,,
"Ms.","Cathleen","Stephens","Volunteer","tempor.augue@inhendrerit.ca","1 30 408 3196-8153","Vila do Conde Fire Department",,,,,,,,,,
"Ms.","Chadwick","Winters","Volunteer","vulputate.posuere.vulputate@convallisligulaDonec.com","1 90 816 5647-0625","Vila do Conde Fire Department",,,,,,,,,,
"Ms.","Chanda","Chan","Volunteer","amet.ornare@nequenon.com","1 42 600 9129-0929","Vila do Conde Fire Department",,,,,,,,,,
"Mr.","Chelsea","Perez","Volunteer","ac.ipsum@cursus.org","1 23 710 8094-1487","Vila do Conde Fire Department",,,,,,,,,,
"Ms.","Chelsea","Valencia","Volunteer","dui.Cum@duinecurna.ca","1 90 534 4623-6977","Vila do Conde Fire Department",,,,,,,,,,
"Ms.","Chiquita","Guzman","Volunteer","tempor.lorem@etcommodoat.org","1 82 274 5626-1151","Vila do Conde Fire Department",,,,,,,,,,
"Mr.","Chiquita","Hall","Volunteer","mi.lacinia.mattis@iaculislacus.com","1 72 302 8480-2731","Vila do Conde Fire Department",,,,,,,,,,
"Ms.","Ciara","Henderson","Volunteer","fringilla.euismod@ridiculusmus.org","1 85 704 1200-5624","Vila do Conde Fire Department",,,,,,,,,,
"Mr.","Cody","Barber","Volunteer","Proin.mi.Aliquam@elitpharetraut.com","1 46 912 8058-5850","Vila do Conde Fire Department",,,,,,,,,,
"Ms.","Curran","Wade","Volunteer","ut.pharetra@ametconsectetuer.ca","1 43 385 7511-5228","Vila do Conde Fire Department",,,,,,,,,,
"Ms.","Damon","Chandler","Volunteer","fermentum.risus.at@massanon.edu","1 59 885 7468-0063","Vila do Conde Fire Department",,,,,,,,,,
"Ms.","Dennis","Bright","Volunteer","Integer.in.magna@egestas.edu","1 91 977 4302-8795","Vila do Conde Fire Department",,,,,,,,,,
"Mr.","Desirae","Irwin","Volunteer","Aliquam.vulputate@arcuCurabiturut.ca","1 92 197 3121-7992","Vila do Conde Fire Department",,,,,,,,,,
"Mr.","Dexter","Floyd","Volunteer","aliquam.adipiscing@dictum.edu","1 69 228 4671-3097","Vila do Conde Fire Department",,,,,,,,,,
"Mr.","Dillon","Duran","Volunteer","tortor.nibh.sit@ultricesposuere.com","1 32 211 5263-7844","Vila do Conde Fire Department",,,,,,,,,,
"Ms.","Eagan","Solis","Volunteer","Nunc@luctusipsum.ca","1 83 769 8572-1093","Vila do Conde Fire Department",,,,,,,,,,
"Ms.","Echo","Greene","Volunteer","Integer.eu.lacus@dolor.edu","1 12 942 7022-6057","Vila do Conde Fire Department",,,,,,,,,,
"Ms.","Edan","Mathis","Volunteer","sit@nislMaecenas.ca","1 36 137 4817-4563","Vila do Conde Fire Department",,,,,,,,,,
"Mr.","Eliana","Ryan","Volunteer","nonummy@consectetuer.ca","1 36 327 5892-7780","Vila do Conde Fire Department",,,,,,,,,,
"Mr.","Elmo","Maldonado","Volunteer","nonummy.ac.feugiat@idsapienCras.edu","1 67 318 6019-4697","Vila do Conde Fire Department",,,,,,,,,,
"Mr.","Emerson","Mack","Volunteer","erat@Pellentesquetincidunttempus.ca","1 25 230 4201-1680","Vila do Conde Fire Department",,,,,,,,,,
"Ms.","Emma","Edwards","Volunteer","Cum.sociis.natoque@eros.org","1 94 451 6635-7271","Vila do Conde Fire Department",,,,,,,,,,
"Mr.","Eve","Hays","Volunteer","non@leoVivamus.edu","1 98 283 3445-8784","Vila do Conde Fire Department",,,,,,,,,,
"Mr.","Ezra","Fletcher","Volunteer","eros.Proin@aliquet.org","1 77 513 1103-2063","Vila do Conde Fire Department",,,,,,,,,,
"Ms.","Felix","Rutledge","Volunteer","felis.Nulla@nonmagnaNam.org","1 96 921 6029-3811","Vila do Conde Fire Department",,,,,,,,,,
"Ms.","Frances","Foster","Volunteer","nibh.Aliquam.ornare@utnulla.org","1 96 272 2843-1615","Vila do Conde Fire Department",,,,,,,,,,
"Mr.","Francis","Dean","Volunteer","urna.suscipit@Donecegestas.com","1 41 674 5630-0059","Vila do Conde Fire Department",,,,,,,,,,
"Ms.","Fredericka","Cain","Volunteer","eu.turpis@neccursusa.org","1 61 189 6349-0904","Vila do Conde Fire Department",,,,,,,,,,
"Ms.","Fuller","Sosa","Volunteer","Pellentesque.habitant.morbi@Suspendisseeleifend.com","1 19 729 7742-7719","Vila do Conde Fire Department",,,,,,,,,,
"Mr.","Gabriel","Sandoval","Volunteer","commodo@velsapien.org","1 68 535 3978-5641","Vila do Conde Fire Department",,,,,,,,,,
"Mr.","Garrison","Combs","Volunteer","sed.sem.egestas@ultricesposuerecubilia.edu","1 23 106 1123-0021","Vila do Conde Fire Department",,,,,,,,,,
"Ms.","Genevieve","Mack","Volunteer","sed.leo.Cras@posuerecubilia.ca","1 57 557 1459-1727","Vila do Conde Fire Department",,,,,,,,,,
"Mr.","George","Owen","Volunteer","risus@eleifendnuncrisus.ca","1 95 135 3681-3746","Vila do Conde Fire Department",,,,,,,,,,
"Mr.","Georgia","Wheeler","Volunteer","Nulla.eu.neque@Naminterdumenim.ca","1 68 410 4395-0726","Vila do Conde Fire Department",,,,,,,,,,
"Mr.","Giselle","Richardson","Volunteer","Nullam.vitae.diam@fermentummetus.ca","1 79 583 4765-8075","Vila do Conde Fire Department",,,,,,,,,,
"Ms.","Guinevere","Mercado","Volunteer","felis.orci.adipiscing@estcongue.com","1 88 654 1696-7925","Vila do Conde Fire Department",,,,,,,,,,
"Ms.","Haviva","Myers","Volunteer","Integer@semper.com","1 78 959 8210-4651","Vila do Conde Fire Department",,,,,,,,,,
"Ms.","Hedda","Mcintosh","Volunteer","In.nec.orci@felispurus.edu","1 52 292 4141-5394","Vila do Conde Fire Department",,,,,,,,,,
"Mr.","Hedy","Gibson","Volunteer","orci.adipiscing.non@Nullainterdum.edu","1 12 900 7580-1815","Vila do Conde Fire Department",,,,,,,,,,
"Ms.","Hilary","Perez","Volunteer","vitae.erat.vel@eueleifendnec.com","1 98 573 6136-2669","Vila do Conde Fire Department",,,,,,,,,,
"Mr.","Igor","Fischer","Volunteer","Curabitur@tortornibh.edu","1 29 723 2668-0699","Vila do Conde Fire Department",,,,,,,,,,
"Mr.","Iliana","Gamble","Volunteer","nec@vitaeorci.ca","1 90 740 7410-7482","Vila do Conde Fire Department",,,,,,,,,,
"Mr.","Ina","Roberts","Volunteer","lectus.Cum.sociis@tristiqueneque.ca","1 44 703 3085-7978","Vila do Conde Fire Department",,,,,,,,,,
"Ms.","Iona","Orr","Volunteer","lacus.Mauris@justo.org","1 36 281 9454-0255","Vila do Conde Fire Department",,,,,,,,,,
"Ms.","Jaden","Fields","Volunteer","lacus.Quisque@dui.org","1 12 345 9333-3028","Vila do Conde Fire Department",,,,,,,,,,
"Mr.","Janna","Cervantes","Volunteer","non@cursus.org","1 30 873 9257-2785","Vila do Conde Fire Department",,,,,,,,,,
"Mr.","Jerome","Heath","Volunteer","risus.Nunc@Nunc.ca","1 21 342 5488-0256","Vila do Conde Fire Department",,,,,,,,,,
"Ms.","Jerome","Shepard","Volunteer","fringilla.cursus.purus@nonummyFuscefermentum.com","1 79 444 8717-7241","Vila do Conde Fire Department",,,,,,,,,,
"Mr.","Jessamine","Woods","Volunteer","et.tristique@necanteblandit.ca","1 14 332 2197-3685","Vila do Conde Fire Department",,,,,,,,,,
"Mr.","Jessica","Wilkinson","Volunteer","diam@mauris.ca","1 77 455 4796-5703","Vila do Conde Fire Department",,,,,,,,,,
"Mr.","Jillian","Serrano","Volunteer","Sed@et.ca","1 95 612 9266-3218","Vila do Conde Fire Department",,,,,,,,,,
"Ms.","Jin","Kidd","Volunteer","mauris.ut.mi@magnaLoremipsum.org","1 97 400 1465-5255","Vila do Conde Fire Department",,,,,,,,,,
"Mr.","Josiah","Stout","Volunteer","magna.Duis.dignissim@magnaa.org","1 18 998 6185-1605","Vila do Conde Fire Department",,,,,,,,,,
"Ms.","Kaden","Lewis","Volunteer","tempor.erat@semper.org","1 46 803 4665-0086","Vila do Conde Fire Department",,,,,,,,,,
"Mr.","Kaitlin","Johnson","Volunteer","pede.et@rutrumFusce.org","1 28 359 4761-8226","Vila do Conde Fire Department",,,,,,,,,,
"Ms.","Karyn","Castillo","Volunteer","auctor@loremluctus.ca","1 20 989 1530-5599","Vila do Conde Fire Department",,,,,,,,,,
"Mr.","Karyn","Dean","Volunteer","ac.sem.ut@loremipsumsodales.ca","1 33 201 1744-9284","Vila do Conde Fire Department",,,,,,,,,,
"Mr.","Kasper","Salazar","Volunteer","scelerisque.scelerisque@pedeCras.com","1 18 872 6467-0121","Vila do Conde Fire Department",,,,,,,,,,
"Mr.","Katelyn","Reid","Volunteer","pede.nec.ante@Maecenas.org","1 37 669 1291-6905","Vila do Conde Fire Department",,,,,,,,,,
"Mr.","Keely","Cummings","Volunteer","suscipit.nonummy@mattis.ca","1 38 929 6150-7788","Vila do Conde Fire Department",,,,,,,,,,
"Ms.","Keiko","Wells","Volunteer","sit.amet.luctus@eutemporerat.com","1 50 482 4907-9328","Vila do Conde Fire Department",,,,,,,,,,
"Ms.","Kelly","Decker","Volunteer","Sed.pharetra@ullamcorper.edu","1 88 144 8539-8779","Vila do Conde Fire Department",,,,,,,,,,
"Mr.","Kendall","Washington","Volunteer","Donec.egestas.Duis@eueratsemper.edu","1 64 959 5965-8829","Vila do Conde Fire Department",,,,,,,,,,
"Mr.","Kim","Santana","Volunteer","sed.leo.Cras@mi.org","1 92 765 1127-3841","Vila do Conde Fire Department",,,,,,,,,,
"Mr.","Kirk","Mcintosh","Volunteer","consequat.auctor@interdumfeugiatSed.com","1 35 587 5614-1965","Vila do Conde Fire Department",,,,,,,,,,
"Ms.","Lillian","Lott","Volunteer","erat@Phaselluselit.edu","1 54 696 3423-9026","Vila do Conde Fire Department",,,,,,,,,,
"Ms.","MacKensie","Hooper","Volunteer","a@anequeNullam.ca","1 71 945 9518-8023","Vila do Conde Fire Department",,,,,,,,,,
"Ms.","Maia","Parker","Volunteer","adipiscing.elit.Etiam@vestibulumneque.ca","1 88 765 7453-3516","Vila do Conde Fire Department",,,,,,,,,,
"Mr.","Maris","Meyers","Volunteer","in.faucibus@feugiat.org","1 78 393 9357-5710","Vila do Conde Fire Department",,,,,,,,,,
"Mr.","Marny","Floyd","Volunteer","lorem@Suspendissetristique.org","1 38 543 7406-6615","Vila do Conde Fire Department",,,,,,,,,,
"Mr.","Martena","Washington","Volunteer","semper@consequatdolorvitae.edu","1 76 824 6030-3183","Vila do Conde Fire Department",,,,,,,,,,
"Ms.","Martin","Maynard","Volunteer","Praesent@sedsapien.edu","1 14 382 2685-5391","Vila do Conde Fire Department",,,,,,,,,,
"Mr.","Maxine","Knapp","Volunteer","urna.suscipit@MorbivehiculaPellentesque.com","1 35 902 9584-6919","Vila do Conde Fire Department",,,,,,,,,,
"Ms.","Maya","Gaines","Volunteer","congue.In@etipsum.org","1 19 998 6096-8234","Vila do Conde Fire Department",,,,,,,,,,
"Mr.","McKenzie","Rich","Volunteer","congue.turpis.In@felis.ca","1 18 223 3756-9044","Vila do Conde Fire Department",,,,,,,,,,
"Mr.","Micah","Hopkins","Volunteer","velit.dui@etpedeNunc.org","1 77 711 9946-1687","Vila do Conde Fire Department",,,,,,,,,,
"Mr.","Moana","Wilder","Volunteer","a.malesuada@Donecdignissimmagna.com","1 68 539 3429-7789","Vila do Conde Fire Department",,,,,,,,,,
"Mr.","Naida","Gomez","Volunteer","laoreet@dolorsit.edu","1 86 837 3008-1293","Vila do Conde Fire Department",,,,,,,,,,
"Ms.","Nathan","Quinn","Volunteer","magnis.dis@placeratCras.org","1 80 410 5502-4434","Vila do Conde Fire Department",,,,,,,,,,
"Mr.","Nero","Villarreal","Volunteer","orci.sem@Vivamusnon.org","1 69 378 6820-0900","Vila do Conde Fire Department",,,,,,,,,,
"Mr.","Nevada","Casey","Volunteer","ut.cursus.luctus@aliquet.org","1 72 499 3221-0406","Vila do Conde Fire Department",,,,,,,,,,
"Ms.","Nomlanga","Haley","Volunteer","eu.dolor.egestas@metus.edu","1 26 100 8594-1661","Vila do Conde Fire Department",,,,,,,,,,
"Mr.","Octavia","Ramos","Volunteer","tincidunt.aliquam@consequatnecmollis.edu","1 66 562 9750-5935","Vila do Conde Fire Department",,,,,,,,,,
"Ms.","Odette","Craig","Volunteer","amet.consectetuer.adipiscing@necleoMorbi.org","1 78 455 6247-4141","Vila do Conde Fire Department",,,,,,,,,,
"Ms.","Ora","Sandoval","Volunteer","vulputate.nisi.sem@vestibulum.edu","1 11 328 5929-3744","Vila do Conde Fire Department",,,,,,,,,,
"Mr.","Patience","Gardner","Volunteer","gravida@risus.com","1 12 231 6612-9522","Vila do Conde Fire Department",,,,,,,,,,
"Ms.","Phelan","Bridges","Volunteer","et.netus.et@magnaSuspendisse.org","1 63 637 8827-2286","Vila do Conde Fire Department",,,,,,,,,,
"Mr.","Phoebe","Kirkland","Volunteer","ipsum@consectetuer.org","1 72 925 8870-1775","Vila do Conde Fire Department",,,,,,,,,,
"Ms.","Quamar","Donovan","Volunteer","non.lobortis.quis@tempus.ca","1 41 559 4464-6360","Vila do Conde Fire Department",,,,,,,,,,
"Mr.","Quinn","England","Volunteer","Cras@consequat.com","1 59 924 4532-0135","Vila do Conde Fire Department",,,,,,,,,,
"Ms.","Reuben","Fitzpatrick","Volunteer","Vivamus.non@ullamcorperDuis.org","1 13 800 9961-8976","Vila do Conde Fire Department",,,,,,,,,,
"Ms.","Rose","Brewer","Volunteer","turpis.Nulla.aliquet@posuere.edu","1 16 950 5140-0310","Vila do Conde Fire Department",,,,,,,,,,
"Mr.","Ross","Baker","Volunteer","volutpat.Nulla.dignissim@magna.com","1 90 502 5381-9484","Vila do Conde Fire Department",,,,,,,,,,
"Mr.","Sage","Kerr","Volunteer","lorem.ac@aodiosemper.ca","1 93 946 4649-7735","Vila do Conde Fire Department",,,,,,,,,,
"Mr.","Samantha","Gaines","Volunteer","tristique@malesuada.edu","1 60 964 9399-4956","Vila do Conde Fire Department",,,,,,,,,,
"Mr.","Samantha","Lancaster","Volunteer","convallis.convallis.dolor@pedeet.ca","1 65 199 4976-2096","Vila do Conde Fire Department",,,,,,,,,,
"Mr.","Sandra","Harrison","Volunteer","eget@pellentesqueeget.edu","1 76 442 7235-5283","Vila do Conde Fire Department",,,,,,,,,,
"Ms.","Shafira","Kirk","Volunteer","neque.non.quam@lectuspede.ca","1 44 128 9915-8893","Vila do Conde Fire Department",,,,,,,,,,
"Ms.","Shaine","Madden","Volunteer","neque.pellentesque.massa@euismodindolor.com","1 70 680 9003-7332","Vila do Conde Fire Department",,,,,,,,,,
"Mr.","Shelby","Romero","Volunteer","turpis@ullamcorperviverraMaecenas.com","1 47 477 9571-0219","Vila do Conde Fire Department",,,,,,,,,,
"Ms.","Shellie","Vazquez","Volunteer","imperdiet.erat@tellusPhasellus.ca","1 33 848 1355-2515","Vila do Conde Fire Department",,,,,,,,,,
"Ms.","Sloane","Huber","Volunteer","facilisi.Sed@enim.ca","1 87 705 8390-9294","Vila do Conde Fire Department",,,,,,,,,,
"Ms.","Stacy","Stewart","Volunteer","dictum@pellentesquemassalobortis.edu","1 86 657 3180-9671","Vila do Conde Fire Department",,,,,,,,,,
"Ms.","Steven","Terrell","Volunteer","mauris.a.nunc@Nam.ca","1 46 214 6003-3646","Vila do Conde Fire Department",,,,,,,,,,
"Mr.","Tarik","Brooks","Volunteer","magna.Lorem@Crasvehicula.com","1 71 763 1081-5351","Vila do Conde Fire Department",,,,,,,,,,
"Ms.","Teegan","Brock","Volunteer","turpis@mollisDuissit.ca","1 62 850 3045-0684","Vila do Conde Fire Department",,,,,,,,,,
"Mr.","Thaddeus","Hess","Volunteer","fringilla@ultricesVivamus.com","1 27 240 9197-9262","Vila do Conde Fire Department",,,,,,,,,,
"Mr.","Travis","Moody","Volunteer","Sed.id@quispede.org","1 42 554 4371-2626","Vila do Conde Fire Department",,,,,,,,,,
"Mr.","Travis","Odom","Volunteer","risus.Donec.egestas@Maecenasiaculis.com","1 78 300 7447-7086","Vila do Conde Fire Department",,,,,,,,,,
"Ms.","Ulysses","Moss","Volunteer","Morbi.neque.tellus@Class.com","1 55 989 4007-4896","Vila do Conde Fire Department",,,,,,,,,,
"Ms.","Upton","Cabrera","Volunteer","ipsum@mi.ca","1 99 241 6304-1479","Vila do Conde Fire Department",,,,,,,,,,
"Mr.","Ursa","Kemp","Volunteer","sit.amet@augueeu.org","1 38 778 8575-6995","Vila do Conde Fire Department",,,,,,,,,,
"Mr.","Uta","Henry","Volunteer","vitae@Craseu.com","1 24 189 4679-1915","Vila do Conde Fire Department",,,,,,,,,,
"Ms.","Venus","Fischer","Volunteer","quis.diam@Loremipsum.org","1 22 862 7017-4756","Vila do Conde Fire Department",,,,,,,,,,
"Ms.","Victor","Goodman","Volunteer","Aliquam.erat@nisidictum.com","1 51 759 4199-9789","Vila do Conde Fire Department",,,,,,,,,,
"Mr.","Vielka","Reynolds","Volunteer","metus.In.lorem@sitamet.org","1 33 914 9859-4569","Vila do Conde Fire Department",,,,,,,,,,
"Mr.","Vivien","Russo","Volunteer","Fusce@laciniaSedcongue.edu","1 74 695 9060-5945","Vila do Conde Fire Department",,,,,,,,,,
"Ms.","Wade","Weeks","Volunteer","Aliquam.nec.enim@diamluctuslobortis.com","1 64 706 1919-3570","Vila do Conde Fire Department",,,,,,,,,,
"Ms.","Whitney","Barber","Volunteer","Donec@nonegestas.ca","1 71 148 7690-7283","Vila do Conde Fire Department",,,,,,,,,,
"Mr.","Xantha","Armstrong","Volunteer","sollicitudin@metus.edu","1 88 591 1971-0262","Vila do Conde Fire Department",,,,,,,,,,
"Mr.","Xavier","David","Volunteer","Nunc.ut@Vestibulumaccumsanneque.ca","1 59 392 5550-0668","Vila do Conde Fire Department",,,,,,,,,,
"Ms.","Yael","Hammond","Volunteer","rutrum@Quisqueimperdieterat.edu","1 39 813 2791-3358","Vila do Conde Fire Department",,,,,,,,,,
"Ms.","Yolanda","Summers","Volunteer","mus@nisi.ca","1 19 324 5456-9490","Vila do Conde Fire Department",,,,,,,,,,
"Ms.","Yoshio","Crawford","Volunteer","nibh.Donec.est@Suspendisse.ca","1 42 165 8172-1581","Vila do Conde Fire Department",,,,,,,,,,
